{"cameraMode":{"drawMode":0,"name":"Shaded","section":"Shading Mode"},"sceneLighting":false,"audioPlay":false,"sceneViewState":{"showFog":true,"showMaterialUpdate":false,"showSkybox":true,"showFlares":true,"showImageEffects":true,"showParticleSystems":true},"in2DMode":false,"pivot":{"x":7.801896095275879,"y":6.5186381340026859,"z":-21.852272033691408},"rotation":{"x":-0.022655995562672616,"y":-0.7265734076499939,"z":0.023985620588064195,"w":-0.686296284198761},"size":2.6096208095550539,"orthographic":false}