{"cameraMode":{"drawMode":0,"name":"Shaded","section":"Shading Mode"},"sceneLighting":false,"audioPlay":false,"sceneViewState":{"showFog":true,"showMaterialUpdate":false,"showSkybox":true,"showFlares":true,"showImageEffects":true,"showParticleSystems":true},"in2DMode":false,"pivot":{"x":15.580873489379883,"y":1.0,"z":2.7270498275756838},"rotation":{"x":-0.29100561141967776,"y":0.17157988250255586,"z":-0.05313374474644661,"w":-0.939708948135376},"size":5.679694175720215,"orthographic":false}